customer_id,first_name,last_name,email,phone_number,address,created_at
1,Elizabeth,Johnson,edwardrodriguez@example.org,(308)999-3,"19914 Foster Circle Apt. 831
West Ann, NE 20062",2024-06-15 16:50:15
2,Heather,Reed,chelsea51@example.org,+1-278-314,"43494 Sutton Camp Suite 315
Sarashire, AS 87602",2024-06-15 16:50:15
3,Benjamin,Kennedy,charles42@example.org,692-808-57,"8754 Suarez Pike Suite 867
Matthewland, IA 36526",2024-06-15 16:50:15
4,Timothy,Gray,destinyhernandez@example.com,(597)581-9,"28604 Johnson Trafficway
Richardstown, AL 93923",2024-06-15 16:50:15
5,Barbara,Patterson,atkinspatricia@example.com,001-211-26,"39122 Robinson Trace Suite 273
North Marcfort, NJ 82291",2024-06-15 16:50:15
6,Melissa,Morales,zsmith@example.net,(737)768-1,"90165 Meyers Mountain
Batesburgh, MN 86364",2024-06-15 16:50:15
7,Jose,Johnson,jacobcampbell@example.com,861.870.05,"11957 Cheryl Island Suite 882
North Hayleyton, FM 18249",2024-06-15 16:50:15
8,Jennifer,Romero,jimenezroy@example.com,001-901-43,"852 Kelly Mills Suite 559
Hesterton, WI 59147",2024-06-15 16:50:15
9,Ashley,Gonzalez,deandeborah@example.com,(856)921-1,"35712 Natalie Spring
North Philipborough, IA 81128",2024-06-15 16:50:15
10,Laurie,Olson,aali@example.org,(936)624-5,"88182 Eric Square Apt. 696
East John, NM 69265",2024-06-15 16:50:15
11,Raymond,Martin,heathermartin@example.com,(736)793-0,"8619 Austin Terrace
Nguyenview, MI 95577",2024-06-15 16:50:15
12,Wesley,Martin,juliegeorge@example.org,8196999057,"27195 Ewing Fort
Port Anne, AZ 63700",2024-06-15 16:50:15
13,Krystal,Cummings,weaverandrew@example.net,(530)435-3,"6834 Ellis Heights
Lake Dianabury, NV 97035",2024-06-15 16:50:15
14,Teresa,Baker,joematthews@example.net,9487782499,"1556 Anthony Extension Suite 448
North Chelseabury, KS 80218",2024-06-15 16:50:15
15,Sonya,Morgan,hortontina@example.net,283.813.20,"668 Bryan Expressway Suite 574
Ruthfort, HI 17738",2024-06-15 16:50:15
16,April,Garrett,gordonamanda@example.com,221-419-81,"3449 Dennis Flat Suite 273
Phambury, KY 53110",2024-06-15 16:50:15
17,Carrie,Adams,jenniferlewis@example.org,001-952-98,"02937 Amanda Valley
Davidland, DC 94772",2024-06-15 16:50:15
18,Rachael,Kline,vramos@example.org,+1-752-590,"20953 Melissa Isle
Morganmouth, IN 29896",2024-06-15 16:50:15
19,Tiffany,Leon,gregory40@example.net,373-619-54,"6772 Michael Creek Suite 629
Thomasstad, TX 44628",2024-06-15 16:50:15
20,Joseph,Jensen,tyler76@example.org,425-748-17,"216 Kristina Mountain Apt. 631
Lake Andrewview, KY 90978",2024-06-15 16:50:15
21,Justin,Campbell,bellryan@example.com,774.243.64,"146 Spears Crest
Mcintyreton, KS 21901",2024-06-15 16:50:15
22,Mark,Shields,brian44@example.net,(310)758-5,"59979 Robert Knolls Suite 763
New Christopherchester, VT 41047",2024-06-15 16:50:15
23,David,Thompson,charlene83@example.net,654.624.02,"30398 Stephanie Run Suite 688
New Heidi, MA 83559",2024-06-15 16:50:15
24,Megan,Ruiz,benjamin53@example.org,+1-487-657,"USS Kidd
FPO AA 07487",2024-06-15 16:50:15
25,Lauren,Davila,davisvirginia@example.org,739.811.76,"Unit 6596 Box 8673
DPO AE 05529",2024-06-15 16:50:15
26,James,Wilkins,wagnermelissa@example.org,404.284.02,"08777 Anthony Bypass
Sanchezbury, PA 04032",2024-06-15 16:50:15
27,Olivia,Clark,whitesean@example.net,(912)758-9,"58939 Collins Glens Suite 564
Lake Karen, RI 90581",2024-06-15 16:50:15
28,Andrew,Warner,smithtiffany@example.net,(799)284-6,"4705 Stephanie Plaza
East Joseph, SC 75398",2024-06-15 16:50:15
29,Marie,Padilla,zmartinez@example.com,720.618.53,"9111 Monica Bridge Apt. 129
Smithhaven, MI 32795",2024-06-15 16:50:15
30,Christopher,Simmons,terrigordon@example.net,437-244-81,"Unit 7134 Box 7508
DPO AE 06821",2024-06-15 16:50:15
31,Matthew,Fritz,stephanie11@example.net,9479517584,"70256 Hernandez Canyon Suite 990
Romeroville, WV 17519",2024-06-15 16:50:15
32,Victoria,Leonard,whitedavid@example.net,(794)554-9,"47198 Walker Summit
East Sabrina, OK 37754",2024-06-15 16:50:15
33,Mary,Brown,fosterteresa@example.net,(299)578-2,"08114 Michael Glen Apt. 196
Reesefort, AK 79674",2024-06-15 16:50:15
34,Alex,Lopez,padillarenee@example.org,(723)957-3,"2934 Breanna Track
New Robertburgh, NM 40776",2024-06-15 16:50:15
35,Sarah,Campbell,laura37@example.org,(823)908-4,"USCGC Weaver
FPO AA 47281",2024-06-15 16:50:15
36,Thomas,Little,haydencarter@example.com,001-403-67,"533 Johnson Manors
Robertchester, RI 95089",2024-06-15 16:50:15
37,Tiffany,Fox,ahughes@example.com,+1-467-524,"6992 Kayla Flats Suite 103
East Aaron, AZ 16428",2024-06-15 16:50:15
38,Andrea,Montes,tylerbarber@example.com,+1-418-917,"00916 Matthews Island
Port Johnathanville, MS 51592",2024-06-15 16:50:15
39,David,Coffey,john46@example.com,695.247.62,"72139 Jason Fort
Danielborough, NC 05193",2024-06-15 16:50:15
40,Steven,Mccoy,rogersjessica@example.org,654.388.52,"662 Freeman Center
Micheleton, WI 72399",2024-06-15 16:50:15
41,Marie,Smith,harpereric@example.org,(675)212-7,"91642 John Corners
New Darlene, CT 79016",2024-06-15 16:50:15
42,Matthew,Martinez,floresluis@example.net,(786)812-1,"9943 David Overpass Apt. 544
West Latoyafurt, NY 76824",2024-06-15 16:50:15
43,Erin,Rush,rtaylor@example.org,652.982.48,"Unit 0888 Box 3225
DPO AP 45963",2024-06-15 16:50:15
44,Michelle,Nelson,hannah76@example.org,(316)417-6,"74952 Anderson Dale Suite 793
East Linda, VA 54659",2024-06-15 16:50:15
45,Kristin,Richards,traviswilson@example.net,+1-626-292,"8305 Crystal Islands Suite 537
Roseland, MA 34599",2024-06-15 16:50:15
46,Amy,Soto,hernandezdeborah@example.net,896-276-74,"70711 Kevin Crossroad Suite 435
Hernandezhaven, WV 85379",2024-06-15 16:50:15
47,Cynthia,Melendez,ejohnson@example.org,(839)854-9,"Unit 1574 Box 8386
DPO AP 84560",2024-06-15 16:50:15
48,Randall,Carroll,marymitchell@example.com,+1-538-674,"63331 Mary Summit
Mikaylaside, AK 58759",2024-06-15 16:50:15
49,Mary,Carpenter,aaronle@example.net,(276)449-0,"5061 Olivia Turnpike
Lake Travisbury, NC 48748",2024-06-15 16:50:15
50,Jennifer,Byrd,jennifer94@example.net,960.936.74,"0805 Bryan Station Suite 241
Jennifermouth, GA 20058",2024-06-15 16:50:15
51,Jennifer,Shaw,krodriguez@example.net,747.665.91,"6997 Crystal Way
Perezville, PA 54157",2024-06-15 16:50:15
52,Anthony,Ball,melissa58@example.org,523-772-95,"476 Luna Village
West Tiffanyburgh, NJ 13905",2024-06-15 16:50:15
53,Stephanie,White,zporter@example.net,001-380-31,"Unit 9793 Box 7468
DPO AP 64079",2024-06-15 16:50:15
54,Dawn,Barnett,uwilliams@example.org,001-202-55,"67413 Allen Mountain Apt. 771
Wendyview, MP 87900",2024-06-15 16:50:15
55,Daniel,Hill,kennedyamanda@example.org,(516)521-5,"65041 Collins Estates
Garciashire, AS 63587",2024-06-15 16:50:15
56,William,Garcia,littlekimberly@example.com,358-255-61,"8801 Morrison Prairie
Russellport, TX 81965",2024-06-15 16:50:15
57,James,Moss,maxwellemma@example.org,529.552.46,"40440 William Roads
West Lisaborough, OR 14201",2024-06-15 16:50:15
58,Shelley,Steele,stephen07@example.com,+1-965-853,"78421 Kelly Fords
Morrisview, CA 57092",2024-06-15 16:50:15
59,Abigail,Boyer,williamsgeorge@example.com,+1-863-547,"35590 Emma Track
West Cheryl, HI 53917",2024-06-15 16:50:15
60,Jennifer,Valdez,annette11@example.net,766-585-10,"1865 Christopher Curve
Charlesstad, GA 41839",2024-06-15 16:50:15
61,Billy,Mcdonald,smithdebra@example.org,802.859.37,"860 Gray Estate Suite 044
Brandonport, FL 46341",2024-06-15 16:50:15
62,Christian,Wells,wjohnson@example.org,+1-972-602,"45407 Conley Point
Robertview, FL 74613",2024-06-15 16:50:15
63,Zachary,Mcclure,adamsdiana@example.org,001-859-35,"81259 Harrington Ports Apt. 725
Sarahhaven, NM 98214",2024-06-15 16:50:15
64,Lori,Rios,rossjason@example.com,001-848-71,"30755 Williams Overpass
North Jonathanfort, MA 55370",2024-06-15 16:50:15
65,Caroline,Torres,glennjillian@example.com,447.209.61,"7430 Wong Well Apt. 717
Figueroabury, IL 07505",2024-06-15 16:50:15
66,Michael,Yoder,christopher85@example.com,(389)372-6,"324 Paula Curve
Lake Shannon, IL 65415",2024-06-15 16:50:15
67,Kristina,Martinez,kyle89@example.net,(761)324-8,"3248 Henry Circles Apt. 890
South Katherinehaven, NH 58227",2024-06-15 16:50:15
68,Christopher,Carter,odeleon@example.com,208.389.07,"51680 Rachel Springs
South Terri, VI 51415",2024-06-15 16:50:15
69,Kelly,Higgins,annettelopez@example.net,+1-499-988,"892 Brenda Brook Suite 426
Sheilaside, GA 94978",2024-06-15 16:50:15
70,Edwin,Sharp,gabrielataylor@example.net,001-776-73,"1324 Ortiz Walks
Davidville, CO 63985",2024-06-15 16:50:15
71,Mary,Williams,phillipsjasmine@example.com,+1-874-649,"1080 Johnson Brook Apt. 450
New Bethhaven, NM 98488",2024-06-15 16:50:15
72,Luke,Gentry,rpowell@example.com,738.826.65,"1976 Abbott Knoll Suite 674
South Robert, CA 03053",2024-06-15 16:50:15
73,William,Baker,brookswilliam@example.org,001-392-68,"0689 Alexandria Trace Apt. 699
South Phillip, WA 45363",2024-06-15 16:50:15
74,Nicole,Fisher,shawantonio@example.net,(943)671-2,"USNV Jacobs
FPO AA 42647",2024-06-15 16:50:15
75,Willie,Dudley,rebekahmyers@example.org,(745)931-8,"01942 Guerrero Path Apt. 177
Brownshire, VI 73046",2024-06-15 16:50:15
76,Ashley,Bennett,kathleen67@example.net,383.388.53,"392 Chandler Mall Suite 414
North Stephanie, NE 87339",2024-06-15 16:50:15
77,Carol,Chandler,chernandez@example.org,3422255908,"70566 Steven Unions
Lake Evanfurt, WA 66623",2024-06-15 16:50:15
78,Kenneth,Brown,pnguyen@example.net,(634)683-6,"028 Joshua Brook Suite 101
Lake Tammyfurt, WI 14836",2024-06-15 16:50:15
79,Jose,Flynn,amy90@example.net,+1-553-604,"98963 Kevin Pass Suite 707
Lake James, FM 13762",2024-06-15 16:50:15
80,Bethany,Mcgrath,mitchelljennifer@example.org,773.581.65,"06877 Brandon Light Apt. 894
Johnsonville, PA 65190",2024-06-15 16:50:15
81,Tanya,Reid,huntdanielle@example.org,998.642.85,"14344 Bowers Street Apt. 306
New Robert, PR 28694",2024-06-15 16:50:15
82,Sergio,Barton,jacob93@example.net,300.396.14,"825 Amy Garden Apt. 530
West Brittanychester, TX 22063",2024-06-15 16:50:15
83,Nicholas,Arellano,justin71@example.org,727.673.65,"324 Donna Springs Apt. 480
Jonesbury, OH 25190",2024-06-15 16:50:15
84,Bailey,Buchanan,lisapowell@example.org,908.237.54,"16347 Tate Circles Apt. 354
West Anna, OK 34499",2024-06-15 16:50:15
85,Robert,Roberts,jennifer56@example.com,7619720875,"5697 Danny Forks
Amberfort, VT 25514",2024-06-15 16:50:15
86,Molly,Lynch,zharrell@example.org,001-286-89,"7795 Rosario Cape Apt. 007
East Jerrystad, OH 21649",2024-06-15 16:50:15
87,Rebecca,Reyes,nicholas62@example.com,436.325.11,"6208 Gary Cove
Lake Shaun, PR 55170",2024-06-15 16:50:15
88,Ebony,Barrett,dominicstanley@example.com,240-262-77,"3890 Ryan Port
Martinton, CT 41669",2024-06-15 16:50:15
89,Beth,Miranda,lisamartinez@example.com,613-777-69,"41878 Andrew Crossroad Suite 854
Kevinmouth, WY 04768",2024-06-15 16:50:15
90,Casey,Arnold,lpearson@example.com,+1-989-540,"055 Hahn Land Suite 824
Shelleyberg, MS 41485",2024-06-15 16:50:15
91,Amy,Coleman,aaron08@example.com,+1-337-471,"69874 Jackson Valley
Port Clinton, WI 63150",2024-06-15 16:50:15
92,Michael,Jones,sarajohnson@example.org,001-969-52,"6260 Meza View Apt. 383
Marcuston, HI 08840",2024-06-15 16:50:15
93,Richard,Wright,paulmorris@example.net,(584)814-5,"961 Carol Forge
Robertberg, NJ 15258",2024-06-15 16:50:15
94,Tamara,Escobar,gardnerdoris@example.com,(852)497-0,"053 Parks Hill Apt. 146
West Charleschester, WA 64687",2024-06-15 16:50:15
95,Nicole,Yates,aaron47@example.net,+1-274-609,"7841 Gibbs Ports Suite 461
South Ian, NM 89859",2024-06-15 16:50:15
96,Adrian,Johnson,perezjulie@example.net,001-900-68,"635 Simmons Rapids Suite 923
North Dannymouth, VI 21025",2024-06-15 16:50:15
97,Joseph,Ortiz,jennifer16@example.com,001-433-54,"115 Lewis Cove
Andrewport, AK 25554",2024-06-15 16:50:15
98,James,Charles,laustin@example.net,337-740-60,"084 Nguyen Crossroad Suite 226
West Kellyside, AR 85989",2024-06-15 16:50:15
99,Michelle,Small,ybrown@example.net,+1-697-200,"USNV Olson
FPO AA 06054",2024-06-15 16:50:15
100,Amanda,Church,nherman@example.com,+1-533-209,"806 Sherri Ridges Apt. 025
West Christopherstad, DE 62822",2024-06-15 16:50:15
101,Thomas,Simpson,amy37@example.net,931.368.25,"445 Kristen Canyon
Fraziershire, MN 02025",2024-06-15 16:50:15
102,Thomas,Peters,kelly18@example.net,9257368306,"9051 Cindy Grove
East Chad, AL 85884",2024-06-15 16:50:15
103,Lisa,Maddox,brian96@example.net,+1-970-692,"349 Stephanie Harbors Suite 303
South Sabrinaland, OK 55525",2024-06-15 16:50:15
104,Michael,Morris,phillip61@example.net,894.439.93,"265 Shannon Parks
Karenhaven, CO 99580",2024-06-15 16:50:15
105,Michael,Johnson,travis27@example.net,(302)892-2,"95851 Richards Spur
East Victoriafort, NH 29631",2024-06-15 16:50:15
106,William,Williamson,jonathanstone@example.org,(251)429-6,"Unit 4495 Box 8892
DPO AP 06345",2024-06-15 16:50:15
107,Emily,Parker,hsims@example.com,918-579-76,"3582 Julia Fort
Port Christopherport, VT 70855",2024-06-15 16:50:15
108,Steven,Howard,whitejanice@example.net,(295)237-0,"349 Garcia Flat Suite 952
South Matthew, ND 47184",2024-06-15 16:50:15
109,Shawn,Gardner,christian94@example.com,8885283832,"502 Adams Shoals
Hernandezville, AZ 64810",2024-06-15 16:50:15
110,Lauren,Dickson,lbaker@example.net,+1-582-844,"6072 Sutton Trail
Davisville, MH 07926",2024-06-15 16:50:15
111,Jennifer,Strong,stevenjames@example.com,(724)679-0,"7022 Malone Walks Apt. 763
Baileyshire, MD 63844",2024-06-15 16:50:15
112,Joseph,Rodriguez,browndavid@example.com,506.258.59,"525 Jessica Locks Apt. 583
Matthewshire, TX 69934",2024-06-15 16:50:15
113,Mark,Grimes,patrick15@example.net,001-977-78,"25655 Rebecca Ford Suite 092
West Tiffany, AZ 37637",2024-06-15 16:50:15
114,Audrey,George,nicolejenkins@example.com,(971)408-0,"PSC 4363, Box 5868
APO AP 72837",2024-06-15 16:50:15
115,Sherry,Ho,wmckay@example.org,811-595-23,"53411 Hernandez Islands
Anitafurt, NM 78664",2024-06-15 16:50:15
116,John,Parker,andrewjarvis@example.org,302-774-73,"2011 Amanda Meadow Apt. 071
Christophershire, WV 42989",2024-06-15 16:50:15
117,Lauren,Young,ramosmichael@example.com,850.435.92,"76118 Lisa Union Apt. 555
South Elizabeth, WY 10132",2024-06-15 16:50:15
118,Brandon,May,newtonjavier@example.org,9522196410,"28378 Jasmine Pines
Lake Davidhaven, MH 85543",2024-06-15 16:50:15
119,Steven,Hernandez,mcdonaldrandy@example.net,+1-359-401,"84083 Perry Walk Suite 403
Martinview, NE 27814",2024-06-15 16:50:15
120,Seth,Shaffer,nicholebell@example.org,+1-379-391,"02902 Buchanan Plaza Apt. 368
Port Steventown, AZ 62731",2024-06-15 16:50:15
121,Lawrence,Lopez,teresa25@example.org,413-809-12,"5931 Haynes Tunnel Suite 346
Juliafort, AS 53348",2024-06-15 16:50:15
122,Bryan,Peterson,kmora@example.org,850.534.54,"53786 Patricia Extensions Apt. 072
East Carol, KY 37894",2024-06-15 16:50:15
123,Clayton,Brown,luis74@example.net,(665)403-4,"70073 Martinez Village Apt. 675
Mendezhaven, NM 51329",2024-06-15 16:50:15
124,Antonio,Brady,yjohnson@example.net,306.866.07,"8590 Shepard Mills Suite 944
Jimmyville, NE 82210",2024-06-15 16:50:15
125,Erika,Day,becktroy@example.net,(972)699-8,"4317 Troy Walk Suite 729
Whitechester, NJ 27658",2024-06-15 16:50:15
126,Martin,Francis,freyjustin@example.net,001-922-95,"97276 Sandra Mews
Natashabury, MH 71982",2024-06-15 16:50:15
127,Karl,White,harrisdanielle@example.com,926-672-66,"6864 Johnson Flats
Port Janice, NM 16967",2024-06-15 16:50:15
128,Brian,Gonzalez,lori34@example.net,587-781-18,"4097 Matthew Freeway
Rodriguezbury, NE 76229",2024-06-15 16:50:15
129,Andrea,Ward,sfernandez@example.com,2199315764,"4284 Townsend Extension Suite 993
North Garyton, MD 98467",2024-06-15 16:50:15
130,Ryan,Hall,rodneymaldonado@example.com,585-552-47,"Unit 1307 Box 2263
DPO AE 77560",2024-06-15 16:50:15
131,Tyler,Harris,deborahvelazquez@example.org,(555)251-6,"5672 Williams Street
Edwinside, MP 67240",2024-06-15 16:50:15
132,Kristen,Welch,hhughes@example.net,001-975-78,"887 Gray Fork
Howeside, WA 58143",2024-06-15 16:50:15
133,Jennifer,Miller,james91@example.com,+1-800-664,"94858 Savannah Locks
West Kiaraborough, OH 00914",2024-06-15 16:50:15
134,Vanessa,Smith,mckenziewhite@example.org,001-407-92,"91725 Ian Grove Suite 753
East Jamesland, DE 16086",2024-06-15 16:50:15
135,Brandi,Hart,xmitchell@example.com,001-318-73,"Unit 7395 Box 8771
DPO AE 42600",2024-06-15 16:50:15
136,Donald,Beck,jesse53@example.org,(634)409-2,"1457 Austin Gateway
Lake Michaelmouth, OH 72188",2024-06-15 16:50:15
137,Michael,Miranda,qwhite@example.org,856-920-16,"PSC 7036, Box 5645
APO AE 30188",2024-06-15 16:50:15
138,Catherine,Bradley,jason20@example.com,800-689-57,"0444 Hoffman Unions
Lukeberg, WV 00994",2024-06-15 16:50:15
139,Dana,Carlson,davidmcguire@example.net,+1-745-632,"5417 Kelly Shore
East Linda, NJ 59111",2024-06-15 16:50:15
140,Yesenia,Jones,maryreed@example.org,(428)765-0,"PSC 5254, Box 2811
APO AE 25886",2024-06-15 16:50:15
141,Jessica,Arias,williamstanya@example.net,+1-417-349,"366 Cruz Burgs
East Pamelaberg, TN 79391",2024-06-15 16:50:15
142,Joseph,Carrillo,kellybradley@example.net,001-852-85,"655 Medina Expressway
Fordshire, TX 59096",2024-06-15 16:50:15
143,Ryan,Anderson,bruce07@example.net,001-565-66,"98554 Johnson Well
Raymondchester, MT 76991",2024-06-15 16:50:15
144,Heather,Armstrong,boylemorgan@example.com,914-791-09,"9547 Jacob Dale
Michellebury, NC 14638",2024-06-15 16:50:15
145,Michelle,Smith,mossbenjamin@example.net,(810)927-2,"6888 David Garden
South Jessica, PA 24883",2024-06-15 16:50:15
146,Steven,Bailey,curtis98@example.org,202.217.61,"950 Duffy Square Suite 209
Hamptonfort, PR 98012",2024-06-15 16:50:15
147,Jeanne,Johnson,deborah37@example.net,001-275-61,"92108 Richard Crescent
West Jacobville, MD 59128",2024-06-15 16:50:15
148,Joshua,Montoya,howardsamuel@example.com,2693013278,"95220 Wu Center
North Paulaville, DC 54403",2024-06-15 16:50:15
149,Julie,Perez,bryan38@example.com,+1-756-559,"4361 Timothy Lodge Suite 688
Kelleyside, MA 16419",2024-06-15 16:50:15
150,Zachary,Douglas,murphychristopher@example.net,001-319-20,"494 Valenzuela Lake Suite 584
Warrenburgh, HI 00688",2024-06-15 16:50:15
